{"cameraMode":{"drawMode":0,"name":"Shaded","section":"Shading Mode"},"sceneLighting":true,"audioPlay":false,"sceneViewState":{"showFog":true,"showMaterialUpdate":false,"showSkybox":true,"showFlares":true,"showImageEffects":true,"showParticleSystems":true},"in2DMode":false,"pivot":{"x":0.105888731777668,"y":0.6813607215881348,"z":0.5614424347877502},"rotation":{"x":0.005385873839259148,"y":0.9681896567344666,"z":-0.24928316473960877,"w":0.020918235182762147},"size":13.179398536682129,"orthographic":false}